IP Address,F_NAME,L_NAME,AGE,GENDER,MONTHLY INCOME,AVERAGE DAILY INTERNET USAGE,TOP SOCIAL BEHAVIOURAL INTERESTS,CITY,STATE,AV_RATE_OF_CLICK
,Caesar,Marunchak,35,Male,61833.9,256.09,Crime technology romance,Gwarinpa,Abuja,Weekly
,Melvyn,Borland,31,Male,68441.85,193.77,Film making cameras shoes,Sango,Ogun,Weekly
,Clementia,Wisden,26,Female,59785.94,236.5,Celebrities cybersecurity engineering,Ikeja,Lagos,Monthly
,Paco,Geraud,29,Male,54806.18,245.89,Buildig technology constructions,Galadimawa,Abuja,Daily
,Umeko,Prettejohns,35,Female,73889.99,225.58,Software TEDex crime,Ogba,Lagos,Never
,Stevy,Fried,23,Male,59761.56,226.74,Metro cars romance people,Mowe,Lagos,Monthly
,Cobby,Fleeming,33,Male,53852.85,208.36,Business website development,Mowe,Ogun,Daily
,Rich,Truter,48,Male,24593.33,131.76,Data science machine learning artificial intelligence,Mowe,Ogun,Never
,Artair,Coldtart,30,Male,68862.0,221.51,Public speaking leadership writing,Ketu,Lagos,Never
,Lacie,Hemeret,20,Female,55642.32,183.82,Graphic design pr UI UX,Ilupeju,Lagos,Once
,Iosep,Dinley,49,Male,45632.51,122.02,Centralized neutral neural-net,Ibadan,Oyo,Daily
,Rodolph,Brudenell,37,Male,62491.01,230.87,Team-oriented grid-enabled Local Area Network,Ilesha,Osun,Weekly
,Dunstan,Cleaton,48,Male,51636.92,113.12,Centralized content-based focus group,Mowe,Ogun,Monthly
,Rocky,McGilleghole,24,Male,51739.63,214.23,Synergistic fresh-thinking array,Ogba,Lagos,Monthly
,Alexio,Merriday,33,Male,30976.0,143.56,Grass-roots coherent extranet,Sango,Ogun,Yearly
,Marga,Gainsborough,23,Female,52182.23,140.64,Persistent demand-driven interface,Obudu,Crossriver,Once
,Wrennie,Redborn,37,Female,23936.86,129.41,Customizable multi-tasking website,Enugu,Enugu,Often
,Ceciley,Kinkaid,41,Female,71511.08,187.53,Intuitive dynamic attitude,Oshodi,Lagos,Monthly
,Claresta,Muckersie,36,Female,31087.54,118.39,Grass-roots solution-oriented conglomeration,Mile12,Lagos,Seldom
,Felix,Gascoyen,40,Male,23821.72,135.51,Advanced 24/7 productivity,Ijebu,Ogun,Daily
,Lorna,Smullen,30,Female,64802.33,224.44,Object-based reciprocal knowledgebase,Akure,Ondo,Daily
,Chaddy,Lob,35,Male,60015.57,226.54,Streamlined non-volatile analyzer,Okitipupa,Ondo,Daily
,Terrell,Spadotto,52,Male,32635.7,164.83,Mandatory disintermediate utilization,Sagamu,Ogun,Seldom
,Quentin,Hawkin,36,Male,61628.72,209.93,Future-proofed methodical protocol,Ibadan,Oyo,Often
,Oralee,Peat,41,Female,68962.32,167.22,Exclusive neutral parallelism,Offa,Kwara,Daily
,Ramona,Hayden,28,Female,64828.0,204.79,Public-key foreground groupware,Mokwa,Niger,Weekly
,Cristen,Ruprecht,28,Female,38067.08,134.14,Ameliorated client-driven forecast,Chikun,Kaduna,Weekly
,Lyndsie,Charnock,52,Female,58295.82,129.23,Monitored systematic hierarchy,Karu,Nasarawa,Monthly
,Fayina,MacCrachen,34,Female,32708.94,119.2,Open-architected impactful productivity,Lapai,Niger,Yearly
,Rahel,Isenor,22,Female,46179.97,209.82,Business-focused value-added definition,Bogoro,Bauchi,Monthly
,Lou,Staves,35,Male,51473.28,267.01,Programmable asymmetric data-warehouse,Lekki,Lagos,Often
,Ondrea,Hare,28,Female,45593.93,207.48,Digitized static capability,Ajah,Lagos,Daily
,Blisse,Caveill,57,Female,25583.29,169.23,Digitized global capability,Ifo,Ogun,Yearly
,Riobard,Renouf,23,Male,30227.98,212.58,Multi-layered 4thgeneration knowledge user,Obudu,Crossriver,Yearly
,Carmelle,Doughtery,57,Female,45580.92,133.81,Synchronized dedicated service-desk,Aba,Abia,Never
,Linnet,Havard,30,Female,61389.5,201.58,Synchronized systemic hierarchy,Garki,Abuja,Daily
,Andee,Velasquez,53,Female,56770.79,125.45,Profound stable product,Kubwa,Abuja,Never
,D'arcy,Detoile,39,Male,76435.3,221.94,Reactive demand-driven capacity,Takuma,Taraba,Monthly
,Josefa,Nannizzi,46,Female,57425.87,119.32,Persevering needs-based open architecture,Tofa,Kano,Yearly
,Fletch,Brain,39,Male,27508.41,162.08,Intuitive exuding service-desk,Dala,Kano,Weekly
,Jarret,Hatherall,29,Male,57691.95,202.61,Innovative user-facing extranet,Zaria,Kaduna,Daily
,Honey,Flewan,30,Female,59784.18,252.36,Front-line intermediate database,Maiyama,Kebbi,Seldom
,Willa,Labro,32,Female,66572.39,198.11,Persevering exuding system engine,Wuse,Abuja,Daily
,Curr,Hentze,31,Male,64929.61,212.3,Balanced dynamic application,Epe,Lagos,Monthly
,Gusti,Frank,25,Female,57519.64,204.86,Reduced global support,Ikeja,Lagos,Often
,Hermy,Parks,52,Male,53575.48,172.83,Organic leadingedge secured line,Awka,Anambra,Often
,Carmelita,MacKartan,20,Female,50983.75,202.25,Business-focused encompassing neural-net,Awka,Anambra,Never
,Elle,Macci,43,Female,67058.72,198.72,Triple-buffered demand-driven alliance,Awka,Anambra,Monthly
,Tommy,Graundisson,37,Female,52723.34,123.72,Visionary maximized process improvement,Nkwerre,Imo,Daily
,Carr,Waterworth,46,Male,54286.1,119.93,Centralized 24/7 installation,Island,Lagos,Often
,Tommy,Emblem,23,Male,61526.25,196.71,Organized static focus group,Mowe,Ogun,Often
,Lissi,MacUchadair,28,Female,58526.04,225.29,Visionary reciprocal circuit,Wuse,Abuja,Seldom
,Paulette,Nucator,45,Female,53350.11,193.58,Pre-emptive value-added workforce,Alayi,Abia,Never
,Graeme,Scipsey,50,Male,62657.53,133.2,Sharable analyzing alliance,Ikom,Crossriver,Daily
,Kimble,Saintsbury,47,Male,62722.57,119.3,Team-oriented encompassing portal,Uyo,Akwaibom,Weekly
,Valene,Jarlmann,31,Female,67479.62,177.55,Sharable bottom-line solution,Agulu,Anambra,Never
,Kennett,Piper,36,Male,75254.88,150.61,Cross-group regional website,Gwanu,Kebbi,Seldom
,Tommi,Girod,49,Female,52336.64,129.31,Organized global model,Galadimawa,Abuja,Never
,Timmi,Hurton,29,Female,56113.37,239.22,Upgradable asynchronous circuit,Ijebu,Ogun,Once
,Katerina,Salzburger,41,Female,24852.9,156.36,Phased transitional instruction set,Epe,Lagos,Yearly
,Annamaria,Patinkin,27,Female,47708.42,183.43,Customer-focused empowering ability,Igboora,Oyo,Often
,Reilly,MacHarg,34,Male,64654.66,192.93,Front-line heuristic data-warehouse,Ikeja,Lagos,Once
,Catherin,Kopke,29,Female,71228.44,169.5,Stand-alone national attitude,Umuahia,Abia,Once
,Emilia,Franchyonok,32,Female,61601.05,178.92,Focused upward-trending core,AdoEkiti,Ekiti,Seldom
,Stephenie,Vise,45,Female,66281.46,141.22,Streamlined cohesive conglomeration,Gusau,Zamfara,Weekly
,Anica,Garvagh,29,Female,73910.9,198.5,Upgradable optimizing toolset,Abakaliki,Ebonyi,Daily
,Maribel,Knights,40,Female,51317.33,105.22,Synchronized user-facing core,Michika,Adamawa,Monthly
,Vladamir,Dhillon,32,Male,51510.18,200.22,Organized client-driven alliance,Obajana,Kogi,Weekly
,Lew,Spark,25,Male,61005.87,215.25,Ergonomic multi-state structure,Badagry,Lagos,Yearly
,Bethena,Southerns,34,Female,32536.98,131.72,Synergized multimedia emulation,Owode,Ogun,Never
,Vivianne,Smurfit,31,Female,60248.97,139.01,Customer-focused optimizing moderator,Ede,Osun,Never
,Ernie,De Gregorio,46,Male,74543.81,222.63,Advanced full-range migration,Enugu,Enugu,Yearly
,Madalena,Sommer,39,Female,75509.61,153.17,De-engineered object-oriented protocol,Ikotekpene,Akwaibom,Yearly
,Erroll,Orton,43,Male,42650.32,167.07,Polarized clear-thinking budgetary management,Isu,Imo,Often
,Charlie,Mc Corley,42,Male,58183.04,145.98,Customizable 6thgeneration knowledge user,Maraba,Abuja,Seldom
,Benn,Fratczak,22,Male,60465.72,215.93,Seamless object-oriented structure,Alayi,Abia,Yearly
,Linn,Blonfield,35,Male,57009.76,120.06,Seamless real-time array,Mbaise,Imo,Monthly
,Jozef,McSkeagan,33,Male,54541.56,238.99,Grass-roots impactful system engine,,Enugu,Yearly
,Bevvy,Cressy,38,Female,32689.04,113.53,Devolved tangible approach,Badagry,Lagos,Yearly
,Berry,McGarrie,45,Female,55605.92,111.71,Customizable executive software,Wuse2,Abuja,Daily
,Malva,Dunston,27,Female,63296.87,209.25,Progressive analyzing attitude,Michika,Adamawa,Daily
,Irita,Pozer,28,Female,65653.47,222.75,Innovative executive encoding,Jos,Plateau,Once
,Ruth,O'Calleran,38,Female,61652.53,115.91,Down-sized uniform info-mediaries,Bonny Island,Rivers,Seldom
,Jillana,Brazil,54,Female,30726.26,138.71,Streamlined next generation implementation,Ugheli South,Delta,Often
,Weston,Mitham,31,Male,74535.94,184.1,Distributed tertiary system engine,Esan West,Edo,Often
,Cassey,Schimoni,41,Female,47861.93,105.15,Triple-buffered scalable groupware,Ikeja,Lagos,Once
,Aloisia,Zavittieri,36,Female,73600.28,200.55,Total 5thgeneration encoding,Mokwa,Niger,Never
,Nickolai,Astlatt,34,Male,58543.94,118.6,Integrated human-resource encoding,Mushin,Lagos,Monthly
,Lida,Shama,34,Female,42696.67,109.07,Phased dynamic customer loyalty,Ifo,Ogun,Once
,Bartram,Farnsworth,37,Male,37334.78,109.29,Open-source coherent policy,Ibadan,Oyo,Yearly
,Demetrius,Haggish,43,Male,71392.53,138.35,Down-sized modular intranet,Ede,Osun,Never
,Purcell,Debenham,24,Male,59550.05,149.67,Pre-emptive content-based focus group,Suleja,Niger,Daily
,Erica,Marcinkowski,26,Female,64264.25,227.72,Versatile 4thgeneration system engine,Lokoja,Kogi,Often
,Kaleena,Mossom,40,Female,64147.86,125.85,Ergonomic full-range time-frame,Kaduna,Kaduna,Seldom
,Lionello,Morson,31,Male,25686.34,166.29,Automated directional function,Zaria,Kaduna,Daily
,Shanie,Roggieri,26,Female,52968.22,238.63,Progressive empowering alliance,Kaduna,Kaduna,Seldom
,Evyn,Bachelar,36,Male,22473.08,154.02,Versatile homogeneous capacity,Zaria,Kaduna,Never
,Abeu,Baudinet,41,Male,64927.19,156.3,Function-based optimizing protocol,Agege,Lagos,Monthly
,Genni,Maffucci,46,Female,51868.85,158.22,Up-sized secondary software,Nyanya,Abuja,Daily
,Skipper,Beckinsale,34,Male,69456.83,211.65,Seamless holistic time-frame,Asaba,Delta,Daily
,Elliot,Mewburn,53,Male,31947.65,169.18,Persevering reciprocal firmware,Benin City,Edo,Monthly
,Philly,Bolger,23,Female,51864.77,235.28,Centralized logistical secured line,,Ekiti,Once
,Catarina,Mole,40,Female,59593.56,194.23,Innovative background conglomeration,Akure,Ondo,Never
,Midge,Digger,21,Female,48376.14,218.17,Switchable 3rdgeneration hub,Igbara-oke,Ondo,Never
,Isobel,Goodin,20,Female,56884.74,202.16,Polarized 6thgeneration info-mediaries,Osogbo,Osun,Often
,Lorilyn,Stollsteiner,40,Female,67186.54,229.12,Balanced heuristic approach,Asaba,Delta,Weekly
,Ephrem,Wratten,25,Male,46557.92,241.03,Focused 24hour implementation,Esan West,Edo,Never
,Benito,Hegel,42,Male,66541.05,150.99,De-engineered mobile infrastructure,Gwarinpa,Abuja,Daily
,Rosaline,Kennifick,30,Female,33258.09,135.18,Customer-focused upward-trending contingency,Apapa,Lagos,Weekly
,Jenine,Gounin,32,Female,72272.9,210.54,Operative system-worthy protocol,Ikeja,Lagos,Weekly
,Bernice,Click,60,Female,60333.38,176.98,User-friendly upward-trending intranet,Mushin,Lagos,Often
,Basil,Sumers,53,Male,65229.13,235.78,Future-proofed holistic superstructure,Apapa,Lagos,Once
,Tamma,Hastwall,22,Female,56067.38,211.87,Extended systemic policy,Agege,Lagos,Weekly
,Terrill,Spoure,46,Male,37838.72,123.64,Horizontal hybrid challenge,Kola,Lagos,Never
,Malissia,Dy,32,Female,72683.35,221.21,Virtual composite model,Ijaiye,Edo,Once
,Carlyle,Ocklin,31,Male,56729.78,244.34,Switchable mobile framework,Ejigbo,Osun,Often
,Teodorico,Vyvyan,55,Male,66815.54,162.95,Focused intangible moderator,Gwarinpa,Abuja,Once
,Claretta,MacCaull,42,Female,60223.52,112.19,Balanced actuating moderator,Amaeke,Abia,Daily
,Carlos,Pegden,50,Male,29727.79,207.18,Customer-focused transitional strategy,Katsina,Katsina,Seldom
,Edee,Wilber,45,Female,49269.98,152.49,Advanced web-enabled standardization,Gombe,Gombe,Monthly
,Mehetabel,Ling,31,Female,57669.41,210.26,Pre-emptive executive knowledgebase,Sardauna,Taraba,Seldom
,Jenine,Cromarty,26,Female,56791.75,231.94,Self-enabling holistic process improvement,Minna,Niger,Yearly
,See,Ivanishev,27,Male,63274.88,212.79,Horizontal client-driven hierarchy,Kaduna,Kaduna,Never
,Lindsay,Dunbar,36,Male,35466.8,225.24,Polarized dynamic throughput,Jikwoyi,Abuja,Yearly
,Verla,Learmount,43,Female,68787.09,127.11,Devolved zero administration intranet,Okigwe,Imo,Monthly
,Fee,Imason,31,Male,61227.59,230.93,User-friendly asymmetric info-mediaries,Osogbo,Osun,Seldom
,Waneta,Barszczewski,44,Female,56366.88,127.07,Cross-platform regional task-force,Egor,Edo,Once
,Arman,Moyers,45,Male,57868.44,206.98,Polarized bandwidth-monitored moratorium,,Delta,Weekly
,Tiena,Cranidge,27,Female,66618.21,223.03,Centralized systematic knowledgebase,Uyo,Akwaibom,Often
,Charlot,Sidaway,37,Female,73104.47,233.56,Future-proofed grid-enabled implementation,Maitama,Abuja,Once
,Nealon,Tabert,50,Male,21644.91,175.37,Down-sized well-modulated archive,Ikom,Crossriver,Never
,Sadella,Hame,36,Female,53817.02,132.55,Realigned zero tolerance emulation,Degema,Rivers,Yearly
,Dominick,Shillington,36,Male,76368.31,176.73,Versatile transitional monitoring,Jos,Plateau,Monthly
,Lemar,Lintin,29,Male,67633.44,215.44,Profound zero administration instruction set,Wase,Plateau,Never
,Robinette,Aubrey,47,Female,50335.46,127.83,User-centric intangible task-force,Kano,Kano,Often
,Henry,Pickin,39,Male,17709.98,160.03,Enhanced system-worthy application,Apapa,Lagos,Never
,Annelise,Follan,36,Female,41229.16,140.46,Multi-layered user-facing paradigm,Idiroko,Ogun,Often
,Abey,Ternent,38,Male,42581.23,137.28,Customer-focused 24/7 concept,Apapa,Lagos,Yearly
,Gery,Goretti,23,Male,61617.98,172.81,Function-based transitional complexity,Ota,Ogun,Seldom
,Ray,Tocher,38,Female,70575.6,146.19,Progressive clear-thinking open architecture,Akure,Ondo,Daily
,Gretchen,Geistmann,31,Female,64122.36,190.25,Up-sized executive moderator,Sokoto,Sokoto,Once
,Ellissa,Ceccoli,30,Female,52097.32,163.0,Re-contextualized optimal service-desk,Suleja,Niger,Once
,Aurilia,Coleford,44,Female,65953.76,124.38,Fully-configurable neutral open system,Jalingo,Taraba,Weekly
,Neel,Delahunty,44,Male,60192.72,234.26,Upgradable system-worthy array,Gusau,Zamfara,Never
,Celie,Billington,41,Female,77460.07,210.6,Ergonomic client-driven application,Galadimawa,Abuja,Daily
,Augustine,Collyer,44,Female,45716.48,141.89,Realigned content-based leverage,Auchi,Edo,Daily
,Antonie,Grog,49,Female,65120.86,128.95,Decentralized real-time circuit,Nembe,Bayelsa,Daily
,Gina,Real,41,Female,49995.63,108.16,Polarized modular function,Yala,Crossriver,Often
,Lauren,Nozzolii,46,Female,71718.51,152.24,Enterprise-wide client-driven contingency,Udi,Enugu,Never
,Edik,Cansdell,57,Male,61770.34,150.29,Diverse modular interface,Ikeja,Lagos,Yearly
,Michel,Geeves,25,Male,69112.84,176.28,Polarized analyzing concept,Owo,Ondo,Once
,Rozelle,Clabburn,35,Female,72524.86,172.1,Multi-channeled asynchronous open system,Umuahia,Abia,Seldom
,Patrizius,Bushaway,48,Male,36782.38,158.22,Function-based context-sensitive secured line,Nnewi,Anambra,Weekly
,Henri,Forri,33,Male,66699.12,247.31,Adaptive 24hour Graphic Interface,Bodinga,Sokoto,Never
,Ernestus,Guite,27,Male,64287.78,183.48,Automated coherent flexibility,Bida,Niger,Seldom
,Elaine,Tavener,38,Female,56637.59,222.11,Focused scalable complexity,Kaduna,Kaduna,Daily
,Marnie,Cleeton,36,Female,55787.58,127.01,Up-sized incremental encryption,Oshodi,Lagos,Daily
,Edna,Grebner,28,Female,61142.33,202.18,Sharable dedicated Graphic Interface,Onitsha,Anambra,Never
,Shannen,Metschke,27,Female,61625.87,207.96,Digitized zero administration paradigm,Okrika,Rivers,Once
,Tierney,Slator,36,Female,73234.87,159.24,Managed grid-enabled standardization,Minna,Niger,Weekly
,Caty,Leadbetter,35,Female,74166.24,195.31,Networked foreground definition,Kano,Kano,Weekly
,Karl,Thonason,33,Male,62669.59,222.77,Re-engineered exuding frame,Zaria,Kaduna,Seldom
,Symon,Loads,31,Male,57756.89,251.0,Horizontal multi-state interface,Amaeke,Abia,Once
,Morry,Etchingham,24,Male,58019.64,162.44,Diverse stable circuit,Nnewi,Anambra,Once
,Tyler,Lacoste,50,Male,50960.08,140.39,Universal 24/7 implementation,Ota,Ogun,Yearly
,Adeline,Norway,32,Female,48246.6,194.83,Customer-focused multi-tasking Internet solution,Ilorin,Kwara,Often
,Abby,Osboldstone,55,Female,28271.84,143.42,Vision-oriented contextually-based extranet,Duste,Jigawa,Seldom
,Eberto,Fynn,31,Male,53767.12,219.72,Extended local methodology,Duste,Jigawa,Monthly
,Debra,Tardiff,42,Female,43662.1,104.78,Re-engineered demand-driven capacity,,Sokoto,Often
,Ruthann,Coase,34,Female,62238.58,198.56,Customer-focused attitude-oriented instruction set,Obajana,Kogi,Daily
,Holli,O'Driscoll,52,Female,49030.03,138.55,Synergized hybrid time-frame,Asokoro,Abuja,Daily
,Emilee,Tuttiett,47,Female,76003.47,199.79,Advanced exuding conglomeration,Ipaja,Lagos,Once
,Tamqrah,Birdwistle,31,Female,68094.85,196.23,Secured clear-thinking middleware,Minna,Niger,Monthly
,Jessy,Elsay,26,Female,64395.85,163.05,Right-sized value-added initiative,Kano,Kano,Seldom
,Maxim,Fryer,48,Male,70053.27,137.43,Centralized tertiary pricing structure,Birin-Kebbi,Kebbi,Daily
,Shelley,Fynn,35,Female,72423.97,227.56,Multi-channeled reciprocal artificial intelligence,Badagry,Lagos,Monthly
,Wyatan,Trippick,44,Male,42995.8,105.69,Synergized context-sensitive database,Alimosho,Lagos,Often
,Kiel,Valdes,22,Male,60309.58,199.43,Realigned systematic function,Ikeja,Lagos,Often
,Bruno,Varley,31,Male,38349.78,133.17,Adaptive context-sensitive application,Lekki,Lagos,Daily
,Monique,Siley,34,Female,63115.34,208.23,Networked high-level structure,Abeokuta,Ogun,Once
,Alexina,Shovelbottom,38,Female,31343.39,145.96,Profit-focused dedicated utilization,Iwo,Osun,Weekly
,Ashlan,Insole,27,Female,40763.13,168.34,Stand-alone tangible moderator,Abakaliki,Ebonyi,Never
,Broddy,Iacopini,60,Male,36752.24,157.04,Polarized tangible collaboration,Bida,Niger,Monthly
,Kerri,Rogan,41,Female,65044.59,255.61,Focused high-level conglomeration,,Kano,Never
,Adriane,Domniney,29,Female,53673.08,210.46,Advanced modular Local Area Network,Keffi,Nasarawa,Weekly
,Tucky,Chaffyn,54,Male,43444.86,136.64,Virtual scalable secured line,Karu,Nasarawa,Seldom
,Mano,Douty,57,Male,44248.52,153.98,Front-line fault-tolerant intranet,Epe,Lagos,Monthly
,Jane,Skirrow,31,Female,62572.88,233.65,Inverse asymmetric instruction set,Asokoro,Abuja,Monthly
,Timoteo,Hewson,30,Male,39840.55,153.76,Synchronized leadingedge help-desk,Apapa,Lagos,Daily
,Stevy,Chastan,36,Male,32593.59,145.85,Total 5thgeneration standardization,Owerri,Imo,Weekly
,Grata,Loram,30,Female,41629.86,123.91,Sharable grid-enabled matrix,Yola,Adamawa,Seldom
,Brod,Bessant,35,Male,43313.73,106.86,Balanced asynchronous hierarchy,Dopemu,Lagos,Seldom
,Beryl,Rathborne,49,Female,42993.48,110.57,Monitored object-oriented Graphic Interface,Awka,Anambra,Weekly
,Ann,Boshard,53,Female,46004.31,143.79,Cloned analyzing artificial intelligence,Onitsha,Anambra,Seldom
,Trisha,DeMattia,33,Female,49325.48,254.05,Persistent homogeneous framework,Ipaja,Lagos,Weekly
,Hynda,Gabits,32,Female,51633.34,116.53,Face-to-face even-keeled website,Sango,Ogun,Often
,Tallou,Jaram,45,Female,63363.04,137.24,Extended context-sensitive monitoring,Lekki,Lagos,Monthly
,Tiffie,Harmson,36,Female,64045.93,239.32,Exclusive client-driven model,Bida,Niger,Daily
,Gratia,Emilien,31,Female,73049.3,201.26,Profound executive flexibility,Nnewi,Anambra,Often
,Morgana,Sikorsky,27,Female,66624.6,191.14,Reduced bi-directional strategy,Bonny ,Rivers,Once
,Gus,Attaway,40,Female,77567.85,214.42,Digitized heuristic solution,Oyigbo,Rivers,Daily
,Cully,Manz,29,Male,53431.35,252.77,Seamless 4thgeneration contingency, Yaba,Lagos,Often
,James,Giacoboni,40,Male,31265.75,172.58,Seamless intangible secured line,Garki,Abuja,Never
,Ranna,Wethered,31,Female,74780.74,183.85,Intuitive radical forecast,Wuse,Abuja,Never
,Pearle,Curson,29,Female,70410.11,218.79,Multi-layered non-volatile Graphical User Interface,Ijoko,Ogun,Often
,Charmion,Ahrend,29,Female,37345.24,120.9,User-friendly client-server instruction set,Garki,Abuja,Seldom
,Elfie,McManamen,28,Female,66107.84,212.67,Synchronized multimedia model,Galadimawa,Abuja,Once
,Wynn,McKillop,30,Female,62336.39,187.36,Face-to-face intermediate approach,Asokoro,Abuja,Never
,Kaile,Woodlands,58,Female,39132.64,140.83,Assimilated fault-tolerant hub,Ijako,Ogun,Often
,Consuelo,Scirman,38,Female,38745.29,134.88,Exclusive disintermediate task-force,Ojo,Lagos,Monthly
,Andrea,Vockings,28,Male,65172.22,217.85,Managed zero tolerance concept,Oyigbo,Rivers,Seldom
,Nerte,Ganny,38,Female,68519.96,163.38,Compatible systemic function,Igabi,Kaduna,Weekly
,Tansy,McInulty,27,Female,54774.77,235.35,Configurable fault-tolerant monitoring,Dala,Kano,Never
,Natale,Woolfall,43,Male,76246.96,155.8,Future-proofed coherent hardware,Alkaleri,Bauchi,Once
,Melisse,Cana,40,Female,65461.92,229.22,Ameliorated upward-trending definition,Kontagora,Niger,Yearly
,Bartlett,Crumb,23,Male,34127.21,151.95,Front-line tangible alliance,Zaria,Kaduna,Once
,Loreen,Goard,53,Female,35253.98,125.94,Progressive 24hour forecast,Calabar,Crossriver,Never
,Sascha,Scottesmoor,34,Female,44893.71,111.94,Self-enabling optimal initiative,Portharcourt,Rivers,Once
,Gonzales,Infantino,40,Male,59621.02,200.23,Configurable logistical Graphical User Interface,Mbaise,Imo,Yearly
,Tiffy,Motherwell,38,Female,20856.54,170.49,Virtual bandwidth-monitored initiative,New Nyanya,Abuja,Daily
,Sterne,Courtenay,37,Male,55353.41,254.57,Multi-tiered human-resource structure,Maraba,Abuja,Often
,Morton,Bowfin,27,Male,67516.07,200.59,Managed upward-trending instruction set,Ijaye,Lagos,Monthly
,Corabella,Lowe,39,Female,68737.75,136.59,Cloned object-oriented benchmark,Idiroko,Ogun,Seldom
,Keefe,Schulze,41,Male,76893.84,154.97,Fundamental fault-tolerant neural-net,Abakaliki,Ebonyi,Monthly
,Nathanial,Mawford,42,Male,59886.58,171.07,Phased zero administration success,Amaeke,Abia,Yearly
,Quintilla,Koeppe,30,Female,53441.69,133.99,Compatible intangible customer loyalty,Argungu,Kebbi,Monthly
,Adaline,Wisbey,29,Female,41356.31,119.84,Distributed 3rdgeneration definition,Kogi,Kogi,Yearly
,Annie,Butterwick,38,Female,49942.66,154.75,Pre-emptive cohesive budgetary management,Jebba,Kwara,Monthly
,Catharine,Merrilees,31,Female,74430.08,199.08,Configurable multi-state utilization,Ota,Ogun,Once
,Connie,Spellessy,23,Female,58633.63,201.04,Diverse multi-tasking parallelism,Iseyin,Oyo,Daily
,Hort,Swigger,33,Male,72707.87,228.03,Horizontal content-based synergy,Ikirun,Osun,Never
,Alec,Ervine,32,Male,31092.93,136.4,Multi-tiered maximized archive,Agbor,Delta,Weekly
,Ewell,Gisby,38,Male,74445.18,143.94,Diverse executive groupware,Jikwoyi,Abuja,Seldom
,Vladimir,Filipyev,28,Male,49309.14,239.52,Synergized cohesive array,Abiriba,Abia,Daily
,Jesselyn,Marle,50,Female,56735.14,199.25,Versatile dedicated software,Apapa,Lagos,Yearly
,Silvanus,Vella,45,Male,40183.75,133.9,Stand-alone reciprocal synergy,Ilaro,Ogun,Weekly
,Marianna,Baumer,36,Female,58348.41,123.51,Universal even-keeled analyzer,Lagos,Lagos,Daily
,Dee dee,Giraudel,30,Female,72209.99,158.05,Up-sized tertiary contingency,Mushin,Lagos,Daily
,Saundra,O' Donohue,33,Female,62060.11,128.17,Monitored real-time superstructure,Yaba,Lagos,Monthly
,Igor,Ralfe,32,Male,67113.46,234.75,Streamlined analyzing initiative,Ojo,Lagos,Weekly
,Aurelie,Ethington,44,Female,24030.06,150.84,Automated static concept,Ebute meta,Lagos,Seldom
,Netty,Steynor,47,Female,56180.93,115.26,Operative stable moderator,Mile12,Lagos,Often
,Margarette,Screaton,32,Female,62204.93,192.85,Up-sized 6thgeneration moratorium,Alimosho,Lagos,Often
,Gaylord,Buttress,30,Male,60372.64,204.52,Expanded clear-thinking core,Alimosho,Lagos,Daily
,Berthe,Villaret,24,Female,65280.16,178.75,Polarized attitude-oriented superstructure,Mile12,Lagos,Yearly
,Demetra,Burkwood,53,Female,34309.24,223.09,Networked coherent interface,Lekki,Lagos,Monthly
,Faustine,Kersey,45,Female,59610.81,146.13,Enhanced homogeneous moderator,Badagry,Lagos,Monthly
,Angus,Cockle,41,Male,50278.89,269.96,Seamless full-range website,Eket,Akwaibom,Once
,Gypsy,Gaucher,56,Female,43450.11,168.27,Profit-focused attitude-oriented task-force,Nassarawa,Kano,Once
,Shannan,McDoual,25,Male,25408.21,161.16,Cross-platform multimedia algorithm,Isu,Imo,Once
,Jolene,Esmead,36,Female,71136.49,222.25,Open-source coherent monitoring,Ilaje,Ondo,Weekly
,Faydra,Kipping,45,Female,63883.81,119.03,Streamlined logistical secured line,Ikere,Ekiti,Seldom
,Eveline,Cookes,33,Female,64902.47,204.02,Synchronized stable complexity,Ikom,Crossriver,Once
,Agosto,Fruchon,30,Male,66784.81,164.63,Synergistic value-added extranet,Birnin kebbi,Kebbi,Daily
,Roberta,Tiler,48,Female,62784.85,123.13,Progressive non-volatile neural-net,Maru,Zamfara,Once
,Ali,Gummery,28,Female,63727.5,201.15,Persevering tertiary capability,Takum,Taraba,Daily
,Ozzie,Josland,32,Male,61608.23,231.42,Enterprise-wide bi-directional secured line,Sokoto,Sokoto,Never
,Arty,Durram,38,Male,56782.18,138.68,Organized contextually-based customer loyalty,Bwari,Abuja,Yearly
,Barry,Steggals,39,Male,64447.77,226.11,Total directional approach,Kwali,Abuja,Monthly
,Skipton,Critcher,31,Male,42042.95,121.05,Programmable uniform productivity,Asokoro,Abuja,Seldom
,Kimbell,Hurren,28,Male,67669.06,212.56,Robust transitional ability,Aba,Abia,Seldom
,Dode,Easton,35,Female,54875.95,109.77,De-engineered fault-tolerant database,Yaba,Lagos,Often
,Kirbee,Serle,35,Female,73347.67,144.62,Managed disintermediate matrices,Owode,Ogun,Yearly
,Bear,Rogerson,44,Male,50199.77,125.22,Configurable bottom-line application,Ikare,Ondo,Yearly
,Cordell,Avrahm,38,Male,50723.67,244.55,Self-enabling didactic pricing structure,Ilaje,Ondo,Often
,Sunshine,Haslin,43,Female,63450.96,120.95,Versatile scalable encryption,Odeda,Ogun,Monthly
,Dion,Shevlan,26,Male,56694.12,136.94,Proactive next generation knowledge user,Wurno,Sokoto,Seldom
,Mavis,Jenoure,34,Female,70547.16,230.14,Customizable tangible hierarchy,Dala,Kano,Monthly
,Lindi,Broom,26,Female,47391.95,171.31,Visionary asymmetric encryption,Owerri,Imo,Often
,Tabbie,Elvy,26,Male,62312.23,203.23,Intuitive explicit conglomeration,Afikpo,Ebonyi,Monthly
,Isaiah,Brookz,53,Male,63100.13,168.0,Business-focused real-time toolset,Akampa,Crossriver,Seldom
,Bertie,Wardel,37,Female,73687.5,221.79,Organic contextually-based focus group,Gwagwalada,Abuja,Often
,Jillene,Zorzetti,33,Female,52686.47,254.34,Right-sized asynchronous website,Oguta,Imo,Weekly
,Juline,Tanslie,37,Female,78119.5,179.58,Advanced 5thgeneration capability,Ilaro,Ogun,Weekly
,Herc,Proom,28,Male,57014.84,242.37,Universal asymmetric archive,Owo,Ondo,Monthly
,Martica,Shinton,29,Female,27086.4,156.54,Devolved responsive structure,Ikeja,Lagos,Seldom
,Enrique,Keiling,35,Male,58337.18,216.87,Triple-buffered regional toolset,Kuje,Abuja,Weekly
,Faydra,Chetwind,32,Female,50216.01,177.78,Object-based executive productivity,Ohafia,Abia,Never
,Sutton,Antonoyev,26,Male,53049.44,156.48,Business-focused responsive website,Nnewi,Anambra,Once
,Westbrooke,Lalevee,28,Male,62927.96,196.76,Visionary analyzing structure,Isu,Imo,Yearly
,Dione,Melarkey,52,Female,32847.53,144.27,De-engineered solution-oriented open architecture,Umuahia,Abia,Daily
,Collin,Ansell,24,Male,32006.82,148.61,Customizable modular Internet solution,Ifo,Ogun,Often
,Saidee,Wherrett,35,Female,48913.07,133.18,Stand-alone encompassing throughput,Kuje,Abuja,Once
,Gar,Renneke,35,Male,69285.69,237.39,Customizable zero-defect matrix,Yaba,Lagos,Weekly
,Marcellus,Jervois,51,Male,53700.57,130.41,Managed well-modulated collaboration,Ota,Ogun,Seldom
,Fitzgerald,Reames,22,Male,52011.0,212.87,Universal global intranet,Epe,Lagos,Once
,Towny,Wimbush,26,Male,46339.25,127.26,Re-engineered real-time success,Lugbe,Abuja,Yearly
,Elias,Pasterfield,37,Male,67938.77,213.36,Front-line fresh-thinking open system,Badagry,Lagos,Once
,Deck,Widdison,42,Male,66348.95,141.36,Digitized contextually-based product,Aba,Abia,Never
,Oswald,Gidley,24,Male,66873.9,167.22,Organic interactive support,Ikeja,Lagos,Once
,Darryl,Van Eeden,31,Female,72270.88,171.62,Function-based stable alliance,Alimosho,Lagos,Once
,Laurena,Saiens,32,Female,61610.05,210.23,Reactive responsive emulation,Lekki,Lagos,Yearly
,Jorge,Bru,39,Male,76560.59,159.46,Exclusive zero tolerance alliance,Ajah,Lagos,Once
,Rudiger,Fenix,33,Male,62667.51,228.76,Enterprise-wide local matrices,Sango,Ogun,Seldom
,Pavia,Pattini,36,Female,75687.46,163.99,Inverse next generation moratorium,Ifo,Ogun,Once
,Rickard,Spencelayh,36,Male,66744.65,218.97,Implemented bifurcated workforce,Abeokuta,Ogun,Weekly
,Susette,Camock,35,Female,67714.82,238.58,Persevering even-keeled help-desk,Ipokia,Ogun,Weekly
,Melonie,Dearsley,31,Female,69710.51,226.45,Grass-roots eco-centric instruction set,Awka,Anambra,Monthly
,Easter,Wigglesworth,31,Female,66269.49,214.74,Fully-configurable incremental Graphical User Interface,Bichi,Kano,Often
,Elane,Armistead,25,Female,60843.32,231.49,Expanded radical software,Minna,Niger,Never
,Verina,Bohills,28,Female,55041.6,250.0,Mandatory 3rdgeneration moderator,Lafia,Nasarawa,Yearly
,Derrik,Morey,50,Male,73863.25,176.52,Enterprise-wide foreground emulation,Damaturu,Yobe,Seldom
,Davida,Glazier,39,Female,62378.05,152.36,Customer-focused incremental system engine,,Niger,Daily
,Javier,Strand,38,Male,63336.85,130.83,Right-sized multi-tasking solution,Abaji,Abuja,Seldom
,Joann,Rowlings,43,Female,42191.61,165.56,Vision-oriented optimizing middleware,Potiskum,Yobe,Never
,Siffre,Linskill,24,Male,56194.56,178.85,Proactive context-sensitive project,Bauchi,Bauchi,Once
,Brice,Neely,33,Male,61771.9,214.53,Managed eco-centric encoding,Dukku,Gombe,Often
,Banky,Freyn,35,Male,61383.79,231.07,Visionary multi-tasking alliance,Bokkos,Plateau,Often
,Brit,Cottel,32,Female,63924.82,186.48,Ameliorated tangible hierarchy,Bida,Niger,Monthly
,Marcelo,Tesauro,54,Male,23975.35,161.16,Extended interactive model,Ilaro,Ogun,Seldom
,Brittne,Petherick,34,Female,70179.11,221.53,Universal bi-directional extranet,Festac,Lagos,Monthly
,Gale,Kilduff,49,Male,66524.8,243.37,Enhanced maximized access,Ajah,Lagos,Never
,Dehlia,Bramsen,22,Female,41851.38,169.4,Upgradable even-keeled challenge,Festac,Lagos,Never
,Drusilla,Gelletly,33,Female,61275.18,250.35,Synchronized national infrastructure,Kuje,Abuja,Seldom
,Papagena,Glazier,41,Female,60638.38,232.54,Re-contextualized systemic time-frame,Kuje,Abuja,Seldom
,Giraldo,Bellis,39,Male,47160.53,110.68,Horizontal national architecture,Galadimawa,Abuja,Monthly
,Gwenora,Eloi,21,Female,48537.18,186.98,Reactive bi-directional workforce,Asokoro,Abuja,Never
,Tommie,Derington,25,Female,53058.91,236.19,Horizontal transitional challenge,Maitama,Abuja,Yearly
,Nixie,Balogh,31,Female,68614.98,186.37,Re-engineered neutral success,Lapai,Niger,Often
,Tedmund,Hincham,44,Male,44174.25,105.0,Adaptive contextually-based methodology,Oyigbo,Rivers,Yearly
,Nicolis,Eagle,34,Male,67050.16,135.31,Configurable dynamic adapter,Iwo road,Oyo,Seldom
,Dore,Halsworth,37,Female,54520.14,180.77,Multi-lateral empowering throughput,Ughelli,Delta,Daily
,Douglass,Britnell,30,Male,54952.42,170.13,Fundamental zero tolerance solution,Ikwo,Ebonyi,Often
,Sampson,Treswell,35,Male,69476.42,243.61,Proactive asymmetric definition,Gwarinpa,Abuja,Never
,Dorena,Sacchetti,41,Female,54989.93,240.95,Pre-emptive zero tolerance Local Area Network,Berger,Lagos,Monthly
,Brigida,Gover,36,Female,29398.61,195.91,Self-enabling incremental collaboration,Abeokuta,Ogun,Weekly
,Archambault,Westnedge,48,Male,42861.42,208.21,Exclusive even-keeled moratorium,Minna,Niger,Daily
,Harmon,Crossley,32,Male,65883.39,231.59,Reduced incremental productivity,Maitama,Abuja,Often
,Avram,Vasyukhnov,25,Male,65421.39,220.92,Realigned scalable standardization,Epe,Lagos,Weekly
,Rosette,Calcut,31,Female,60953.93,219.79,Secured scalable Graphical User Interface,Alimosho,Lagos,Monthly
,Sinclare,Lehr,26,Male,58476.57,200.58,Team-oriented context-sensitive installation,Ewekoro,Ogun,Daily
,Myca,Pevreal,31,Male,66636.84,214.08,Pre-emptive systematic budgetary management,Lafia,Nasarawa,Often
,Grannie,Lindsey,49,Male,67430.96,135.24,Fully-configurable high-level implementation,Epe,Lagos,Weekly
,Jocelyn,Fellenor,34,Female,57260.41,245.78,Profound maximized workforce,Ifo,Ogun,Seldom
,Stern,Dysert,40,Male,66359.32,188.27,Cross-platform 4thgeneration focus group,Damaturu,Yobe,Daily
,Vida,Edkins,41,Female,57587.0,142.67,Optional mission-critical functionalities,Dukku,Gombe,Weekly
,Vicki,Haug,35,Female,63060.55,184.03,Multi-layered tangible portal,Mbaise,Imo,Often
,Jerri,Winsome,28,Male,59998.5,233.6,Reduced mobile structure,Onitsha,Anambra,Seldom
,Ardelis,Gozard,40,Female,74024.61,220.05,Enhanced zero tolerance Graphic Interface,Aba,Abia,Weekly
,Lalo,Dalzell,22,Male,60550.66,211.39,De-engineered tertiary secured line,Asaba,Delta,Daily
,Harman,Hackforth,47,Male,57983.3,168.92,Reverse-engineered well-modulated capability,Gwarinpa,Abuja,Once
,Valentina,Messingham,48,Female,52736.33,115.35,Integrated coherent pricing structure,Ota,Ogun,Weekly
,Del,Kench,38,Male,46653.75,230.91,Realigned next generation projection,Odeda,Ogun,Often
,Kylie,Fairfoot,28,Male,56986.73,205.5,Reactive needs-based instruction set,Ewekoro,Ogun,Weekly
,Gibb,Whiteson,26,Male,55336.18,131.68,User-friendly well-modulated leverage,Alimosho,Lagos,Monthly
,Tabina,Pidgeley,21,Female,42162.9,218.61,Function-based fault-tolerant model,Galadima,Abuja,Never
,Wash,Elen,25,Male,39699.13,199.39,Decentralized needs-based analyzer,Ibadan,Oyo,Daily
,Sergei,Lohden,52,Male,56394.82,188.56,Phased analyzing emulation,Ibadan,Oyo,Seldom
,Terrence,Foucar,37,Male,75044.35,178.51,Multi-layered fresh-thinking process improvement,Ibadan,Oyo,Weekly
,Tanhya,Streather,19,Female,53309.61,184.94,Upgradable directional system engine,Onitsha,Anambra,Often
,Allsun,Esom,28,Female,58996.12,237.34,Persevering eco-centric flexibility,Nnewi,Anambra,Never
,Thomasina,Shepherd,23,Female,56605.12,211.38,Inverse local hub,Isu,Imo,Once
,Madelaine,Sugden,30,Female,62475.99,228.81,Triple-buffered needs-based Local Area Network,Owerri,Imo,Monthly
,Dollie,Atack,44,Female,70492.6,217.68,Centralized multi-state hierarchy,Maitama,Abuja,Often
,Meredithe,Ratray,52,Female,43698.53,126.97,Public-key non-volatile implementation,Kuje,Abuja,Often
,Hartwell,Buckoke,36,Male,57737.51,221.98,Synergized coherent interface,Ughelli,Delta,Never
,Janot,Seven,47,Female,31281.01,167.86,Horizontal high-level concept,Obajana,Kogi,Once
,Domingo,Nangle,39,Male,45800.48,111.59,Reduced multimedia project,Zuru,Kebbi,Often
,Shay,Dimmack,59,Male,42362.49,158.56,Object-based modular functionalities,Dala,Kano,Weekly
,Sammy,Joint,34,Male,66691.23,207.87,Polarized multimedia system engine,Offa,Kwara,Never
,Jacinta,Jerrom,33,Female,56369.74,150.8,Versatile reciprocal structure,Iwo,Osun,Monthly
,Zaria,Kaspar,41,Female,59397.89,110.93,Upgradable multi-tasking initiative,Ikare,Ondo,Daily
,Killie,Dilworth,28,Male,66025.11,193.8,Configurable tertiary budgetary management,Lekki,Lagos,Often
,Ulrica,Thaine,36,Female,68211.35,135.72,Adaptive asynchronous attitude,Ajah,Lagos,Daily
,Jess,Antonomolii,42,Male,73608.99,231.48,Face-to-face mission-critical definition,Ivo,Ebonyi,Yearly
,Barri,Byres,54,Male,61228.96,140.15,Inverse zero tolerance customer loyalty,Efon,Ekiti,Yearly
,Carly,Samson,29,Female,72325.91,195.36,Centralized 24hour synergy,Ise,Ekiti,Once
,Flo,Lashley,40,Female,44559.43,261.02,Face-to-face analyzing encryption,Akure,Ondo,Once
,Clair,Russan,36,Female,73207.15,217.79,Self-enabling even-keeled methodology,Ewekoro,Ogun,Often
,Ephraim,Schurcke,25,Male,46722.07,205.38,Function-based optimizing extranet,Aguata,Anambra,Monthly
,Sanson,Childerhouse,50,Male,45400.5,113.7,Organic asynchronous hierarchy,Alayi,Abia,Monthly
,Arline,Tuohy,45,Female,41417.27,151.47,Automated client-driven orchestration,Garki,Abuja,Weekly
,Baily,Paolo,26,Male,60845.55,206.79,Public-key zero-defect analyzer,Asaba,Delta,Often
,Corby,Creamen,47,Male,60812.77,144.71,Proactive client-server productivity,Garki,Abuja,Yearly
,Ashlie,Ulyatt,25,Female,64267.88,203.74,Cloned incremental matrices,Asokoro,Abuja,Once
,Gaye,Mival,24,Female,58151.87,197.33,Open-architected system-worthy task-force,Badagry,Lagos,Often
,Christabella,Agates,37,Female,52079.18,222.26,Devolved regional moderator,Ebute meta,Lagos,Monthly
,Hillyer,Haisell,42,Male,26023.99,123.8,Balanced value-added database,Oye,Ekiti,Once
,Travis,Acey,31,Male,62318.38,125.45,Seamless composite budgetary management,Afikpo,Ebonyi,Weekly
,Leanor,Sutliff,39,Female,56216.57,248.19,Total cohesive moratorium,Gwarinpa,Abuja,Once
,Torrence,Boyton,30,Male,61806.31,224.58,Integrated motivating neural-net,Ikeja,Lagos,Daily
,Kellen,Mathon,41,Male,51662.24,123.25,Exclusive zero tolerance frame,Ipokia,Ogun,Never
,Daffi,Tieman,29,Female,67080.94,168.15,Operative scalable emulation,Tofa,Kano,Once
,Ulick,Claeskens,26,Male,51975.41,235.99,Enhanced asymmetric installation,Kaduna,Kaduna,Once
,Clement,Olliff,27,Male,28019.09,153.69,Face-to-face reciprocal methodology,Minna,Niger,Yearly
,Griffie,Olivet,37,Male,67744.56,224.23,Robust responsive collaboration,Suleja,Niger,Seldom
,Shem,Mallall,33,Male,66574.0,190.75,Polarized logistical hub,Zuru,Kebbi,Once
,Rosalind,Ginie,42,Female,30487.48,132.66,Intuitive zero-defect framework,Abeokuta,Ogun,Seldom
,Van,Tiuit,40,Female,74903.41,227.73,Reactive composite project,Oshodi,Lagos,Weekly
,Titos,MacFadden,38,Male,19991.72,136.85,Upgradable even-keeled hardware,Saki,Oyo,Yearly
,Heywood,Fantonetti,36,Male,66050.63,234.64,Future-proofed responsive matrix,Daura,Katsina,Seldom
,Gabriello,Getch,44,Male,70449.04,216.0,Programmable empowering middleware,Fika,Yobe,Daily
,Camila,Lawles,28,Female,64008.55,200.28,Robust dedicated system engine,Dutse,Jigawa,Once
,Bettina,Mannin,26,Female,70203.74,202.77,Public-key mission-critical core,Galadimawa,Abuja,Daily
,Padraic,Higbin,47,Male,27262.51,124.44,Operative actuating installation,Badagry,Lagos,Monthly
,Judie,Binch,20,Female,49544.41,204.22,Self-enabling asynchronous knowledge user,Ikene,Ogun,Yearly
,Lorita,Fenimore,51,Female,28357.27,174.55,Configurable 24/7 hub,Okuku,Osun,Seldom
,Guglielma,Matuszewski,28,Female,66929.03,219.69,Versatile responsive knowledge user,Owerri,Imo,Daily
,Jabez,Livett,40,Male,75524.78,198.32,Managed impactful definition,Jalingo,Taraba,Once
,Kai,Seedhouse,27,Female,66265.34,201.24,Grass-roots 4thgeneration forecast,Iyana Ipaja,Lagos,Often
,Golda,Kinkaid,47,Female,55993.68,165.52,Focused 3rdgeneration pricing structure,Abeokuta,Ogun,Yearly
,Una,Topper,34,Female,56379.3,230.36,Mandatory dedicated data-warehouse,Abeokuta,Ogun,Weekly
,Sammie,Overpool,43,Male,31215.88,148.93,Proactive radical support,Ifo,Ogun,Daily
,Lowell,Adamoli,29,Male,51015.11,202.12,Re-engineered responsive definition,Ivo,Ebonyi,Seldom
,Pollyanna,Pagan,52,Female,46473.14,117.35,Profound optimizing utilization,Orlu,Imo,Yearly
,Nelli,Songust,41,Female,55479.62,248.16,Cloned explicit middleware,Abraka,Delta,Often
,Kahlil,Lapenna,50,Male,68713.7,139.02,Multi-channeled mission-critical success,Kwali,Abuja,Yearly
,Elora,Sibbons,27,Female,34191.23,142.04,Versatile content-based protocol,Owo,Ondo,Weekly
,Augustus,Pegler,49,Male,51067.54,258.62,Seamless cohesive conglomeration,Ibadan,Oyo,Weekly
,Kirsteni,McBrearty,45,Female,46693.76,152.86,De-engineered actuating hierarchy,Abraka,Delta,Never
,Marthe,Rickersey,33,Female,19345.36,180.42,Balanced motivating help-desk,Wuse 2,Abuja,Seldom
,Tansy,Lunny,29,Female,66225.72,208.05,Inverse high-level capability,Orlu,Imo,Weekly
,Patrizia,Kearford,20,Female,38609.2,205.64,Cross-platform client-server hierarchy,Obudu,Crossriver,Yearly
,Kit,Greenhill,40,Male,37713.23,108.15,Sharable optimal capacity,Epe,Lagos,Never
,Franchot,Carne,39,Male,63764.28,209.64,Face-to-face multimedia success,Sango,Ogun,Yearly
,Elsbeth,Gresser,43,Female,41866.55,129.25,Enterprise-wide incremental Internet solution,Gwagwalada,Abuja,Once
,Cyndie,Kingswood,32,Female,57846.68,120.85,Advanced systemic productivity,Ikwerre,Rivers,Once
,Gustaf,Ricold,29,Male,69428.73,217.1,Customizable mission-critical adapter,Ikom,Crossriver,Never
,Tedman,Cathee,24,Male,60283.98,184.88,Horizontal heuristic synergy,Kuje,Abuja,Never
,Nora,Teager,43,Female,79332.33,192.6,Multi-tiered multi-state moderator,Aba,Abia,Seldom
,Lucho,Sikorski,41,Male,53167.68,160.74,Re-contextualized reciprocal interface,Efon,Ekiti,Never
,Brittney,Fantonetti,45,Female,64564.07,220.48,Organized demand-driven knowledgebase,Dala,Kano,Daily
,Devin,Pearmine,35,Male,60803.37,120.06,Total local synergy,Zaria,Kaduna,Daily
,Anallise,Andreasson,31,Female,28387.42,129.33,User-friendly bandwidth-monitored attitude,Daura,Katsina,Daily
,Sandro,Carwithen,36,Male,58849.77,132.31,Re-engineered context-sensitive knowledge user,Lugbe,Abuja,Often
,Nathalie,Kent,42,Female,65963.37,120.75,Total user-facing hierarchy,Badagry,Lagos,Once
,Karalee,Paradise,37,Female,75180.2,154.74,Balanced contextually-based pricing structure,Alimosho,Lagos,Yearly
,Stevena,Lemonnier,33,Female,61270.14,230.9,Inverse bi-directional knowledge user,Ikeja,Lagos,Never
,Lief,Shalloo,29,Male,56759.48,123.28,Networked even-keeled workforce,Victoria Island,Lagos,Often
,Ava,Kenwrick,31,Female,46160.63,231.85,Right-sized transitional parallelism,Argungu,Kebbi,Weekly
,Jay,Wedge,32,Male,43870.51,211.87,Customer-focused system-worthy superstructure,Mushin,Lagos,Often
,Raphaela,Dunbar,35,Female,50439.49,218.8,Balanced 4thgeneration success,Ijaiye,Lagos,Seldom
,Orel,Woolrich,43,Female,28028.74,255.07,Cross-group value-added success,Osogbo,Osun,Once
,Phillip,Andrey,36,Male,64238.71,212.92,Visionary client-driven installation,Ilorin,Kwara,Monthly
,Marshall,Ferry,39,Male,65816.38,221.18,Switchable well-modulated infrastructure,Ketu,Lagos,Daily
,Tanny,Warner,42,Male,72684.44,139.42,Upgradable asymmetric emulation,Wamako,Sokoto,Monthly
,Evangelina,Pletts,27,Female,38817.4,248.12,Configurable tertiary capability,Gombe,Gombe,Seldom
,Esta,Antonich,27,Female,63976.44,214.42,Monitored dynamic instruction set,Iwo road,Oyo,Often
,Fiorenze,Evins,36,Female,37212.54,110.25,Robust web-enabled attitude,Ijebu igbo,Ogun,Yearly
,Weidar,Feyer,23,Male,52691.79,167.67,Customer-focused full-range neural-net,Ketu,Lagos,Once
,Allyn,Craxford,32,Male,65499.93,147.92,Universal transitional Graphical User Interface,Okitipupa,Ondo,Monthly
,Davida,Farnaby,35,Female,63966.72,236.87,User-centric intangible contingency,Damaturu,Yobe,Seldom
,Marissa,Bleesing,39,Female,52400.88,147.64,Configurable disintermediate throughput,Bauchi,Bauchi,Once
,Nicola,Outram,38,Male,49111.47,109.0,Automated web-enabled migration,Ketu,Lagos,Never
,Diego,Umpleby,40,Male,41232.89,171.72,Triple-buffered 3rdgeneration migration,Ketu,Lagos,Yearly
,Liza,Stoddard,32,Female,52140.04,256.4,Universal contextually-based system engine,Apapa,Lagos,Never
,Carny,Thys,34,Male,60641.09,214.38,Optional secondary access,Awka,Anambra,Weekly
,Katharina,Ambroz,44,Female,74180.05,218.22,Quality-focused scalable utilization,Awka,Anambra,Daily
,Ilse,McGucken,50,Female,51869.87,119.65,Team-oriented dynamic forecast,Badagry,Lagos,Seldom
,Johanna,Bulleyn,22,Female,48852.58,169.88,Horizontal heuristic support,Ajah,Lagos,Once
,Anallise,MacDougal,28,Female,59144.02,160.73,Customer-focused zero-defect process improvement,Barkin Ladi,Plateau,Never
,Karlyn,Baddeley,24,Female,33951.63,145.08,Focused systemic benchmark,Alimosho,Lagos,Weekly
,Heloise,Moffet,34,Female,58909.36,239.76,Seamless impactful info-mediaries,Ota,Ogun,Weekly
,Madalyn,Sier,25,Female,49850.52,183.42,Advanced heuristic firmware,Ibadan,Oyo,Daily
,Ester,Bracer,52,Female,28679.93,201.15,Fully-configurable client-driven customer loyalty,Idiroko,Ogun,Often
,Marcelle,Matczak,33,Female,69869.66,238.45,Cross-group neutral synergy,Lagos,Lagos,Often
,My,Yonnie,35,Male,48347.64,127.37,Organized 24/7 middleware,Minna,Niger,Weekly
,Pia,Gaw,25,Female,45959.86,219.94,Networked stable open architecture,Lugbe,Abuja,Once
,Halimeda,Fairfoull,42,Female,70005.51,129.8,Customizable systematic service-desk,Suleja,Niger,Weekly
,Caleb,Vesque,26,Male,51512.66,223.28,Function-based directional productivity,Gumel,Jigawa,Monthly
,Jermain,Devonald,40,Male,25598.75,134.6,Networked stable array,Wuse 2,Abuja,Monthly
,Kristal,Tomasz,45,Female,49282.87,177.46,Phased full-range hardware,Abraka,Delta,Seldom
,Tadeo,Guillond,27,Male,67240.25,175.17,Organized empowering policy,Azare,Bauchi,Once
,Alexandra,Baudassi,52,Female,42136.33,196.61,Object-based system-worthy superstructure,Yenagoa,Bayelsa,Never
,Rosemonde,Pedler,45,Female,62589.84,191.17,Profound explicit hardware,Ilaro,Ogun,Never
,Tamarra,Attenbrow,33,Female,67384.31,151.12,Self-enabling multimedia system engine,Iwo,Osun,Never
,Hiram,Jann,35,Male,25603.93,159.6,Polarized analyzing intranet,Bida,Niger,Weekly
,Ashien,Bladon,23,Female,39616.0,149.2,Vision-oriented attitude-oriented Internet solution,Wurno,Sokoto,Once
,Alano,Fettis,47,Male,28265.81,121.81,Digitized disintermediate ability,Michika,Adamawa,Daily
,Franklin,Filintsev,25,Male,63879.72,224.92,Intuitive explicit firmware,Potiskum,Yobe,Yearly
,Gearard,Warkup,36,Male,70592.81,167.42,Public-key real-time definition,Kontagora,Niger,Weekly
,Laurene,Bridie,37,Female,76408.19,216.57,Monitored content-based implementation,Gwarinpa,Abuja,Often
,Vivi,McBratney,24,Female,55015.08,207.27,Quality-focused zero-defect budgetary management,Berger,Lagos,Monthly
,Travus,Eadmeads,29,Male,51636.12,231.54,Intuitive fresh-thinking moderator,Mowe,Ogun,Weekly
,Dian,Petran,31,Female,29359.2,141.34,Reverse-engineered 24hour hardware,Aba,Abia,Yearly
,Bidget,Deboy,33,Female,71296.67,219.49,Synchronized zero tolerance product,Lugbe,Abuja,Yearly
,Bev,Christol,24,Female,46422.76,219.98,Reactive interactive protocol,Oyo,Oyo,Monthly
,Wandis,Hazart,50,Female,52802.0,132.71,Focused fresh-thinking Graphic Interface,Asaba,Delta,Yearly
,Ryley,Rowat,41,Male,59243.46,143.13,Ameliorated exuding solution,Kafanchan,Kaduna,Once
,Benito,Pach,28,Male,35350.55,196.83,Integrated maximized service-desk,Ilaje,Ondo,Seldom
,Halsy,Marsie,22,Male,59677.64,207.17,Self-enabling tertiary challenge,Awka,Anambra,Monthly
,Vincents,Eixenberger,40,Male,70225.6,187.76,Decentralized foreground infrastructure,Wamako,Sokoto,Monthly
,Ermengarde,Matley,25,Female,65791.17,213.38,Quality-focused hybrid frame,Somolu,Lagos,Yearly
,Winn,Bartolomivis,30,Male,34191.13,129.88,Realigned reciprocal framework,Owerri,Imo,Often
,Fiorenze,Blyth,37,Female,51315.38,119.3,Distributed maximized ability,Bida,Niger,Weekly
,Casar,McLucky,35,Male,62790.96,119.47,Polarized bifurcated array,Ikere,Ekiti,Monthly
,Gregoor,Syversen,40,Male,66291.67,158.42,Progressive asynchronous adapter,Onicha,Ebonyi,Weekly
,Georas,Brownbill,30,Male,68030.18,213.75,Business-focused high-level hardware,Lere,Kaduna,Daily
,Tammie,Breewood,48,Female,43974.49,159.77,Fully-configurable holistic throughput,Ede,Osun,Daily
,Robby,Heighway,31,Male,49457.48,244.87,Ameliorated contextually-based collaboration,Ughelli,Delta,Never
,Ronni,Wandrach,40,Female,33987.27,117.3,Progressive uniform budgetary management,Galadima,Abuja,Yearly
,Nathanil,Falck,33,Male,28210.03,124.54,Synergistic stable infrastructure,Ojo,Lagos,Daily
,Jocko,Brewitt,30,Male,75535.14,193.63,Reverse-engineered content-based intranet,Ojo,Lagos,Daily
,Randolph,Jarrelt,28,Male,49158.5,120.25,Expanded zero administration attitude,Galadima,Abuja,Seldom
,Brook,Judkin,30,Female,39809.69,117.75,Team-oriented 6thgeneration extranet,Galadimawa,Abuja,Often
,Letta,Alessandrucci,35,Female,65826.53,223.16,Managed disintermediate capability,Garki,Abuja,Yearly
,Olly,Gwinnett,29,Female,61172.07,216.49,Front-line dynamic model,Asokoro,Abuja,Seldom
,Juieta,Booth-Jarvis,39,Female,42898.21,126.95,Innovative regional structure,Maitama,Abuja,Monthly
,Udell,Gutherson,27,Male,68333.01,173.49,Function-based incremental standardization,Birnin Kebbi,Kebbi,Weekly
,Genna,Jedrzejczyk,37,Female,70232.95,132.63,Universal asymmetric workforce,Bauchi,Bauchi,Yearly
,Milly,Wanka,46,Female,63102.19,124.85,Business-focused client-driven forecast,Oloibiri,Bayelsa,Often
,Fraser,Fennell,37,Male,51847.26,253.17,Realigned global initiative,Gombe,Gombe,Never
,Herby,Bartod,26,Male,63580.22,228.7,Business-focused maximized complexity,Kontagora,Niger,Often
,Hyacintha,Atwill,37,Female,47575.44,105.94,Open-source global strategy,Orlu,Imo,Yearly
,Bink,Ville,49,Male,39031.89,113.8,Stand-alone motivating moratorium,Umuahia,Abia,Never
,Felicity,Fuentes,42,Female,70505.06,215.18,Grass-roots multimedia policy,Ikot-ekpene,Akwaibom,Daily
,Rozina,MacCorley,31,Female,62161.26,236.64,Upgradable local migration,Uyo,Akwaibom,Yearly
,Malory,Mesias,41,Female,61068.26,121.07,Profound bottom-line standardization,,Akwaibom,Once
,Selie,Cardon,58,Female,49090.51,173.43,Managed client-server access,Ikeja,Lagos,Weekly
,Burg,Kennett,33,Male,62330.75,234.72,Cross-platform directional intranet,Oshodi,Lagos,Once
,Lyndsey,Mc Meekin,30,Female,18819.34,166.86,Horizontal modular success,Lekki,Lagos,Weekly
,Ofelia,Albery,26,Female,62053.37,231.37,Vision-oriented multi-tasking success,Wurno,Sokoto,Never
,Gussy,Bilton,33,Female,61922.06,215.18,Optional multi-state hardware,Abraka,Delta,Seldom
,Pandora,Gowland,44,Female,49525.37,106.04,Upgradable heuristic system engine,Sokoto,Sokoto,Daily
,Jacenta,Boag,41,Female,53412.32,250.03,Future-proofed modular utilization,Kaduna,Kaduna,Seldom
,Liane,Marshland,37,Female,56681.65,130.4,Synergistic dynamic orchestration,Bonny,Rivers,Weekly
,Jasen,Coghlin,32,Male,43299.63,233.93,Multi-layered stable encoding,Bauchi,Bauchi,Monthly
,Kimberli,Willisch,34,Female,47997.75,132.08,Team-oriented zero-defect initiative,Ajah,Lagos,Often
,Mikael,Crowter,55,Male,39131.53,126.39,Polarized 5thgeneration matrix,Minna,Niger,Often
,Gerrilee,Boraston,40,Female,46033.73,151.25,Fully-configurable context-sensitive Graphic Interface,Abeokuta,Ogun,Weekly
,Delores,Slatford,42,Female,65856.74,136.18,Progressive intermediate throughput,Calabar,Crossriver,Daily
,Halley,Greasley,29,Female,54787.37,120.46,Customizable holistic archive,Ado-Ekiti,Ekiti,Weekly
,Base,Blackeby,32,Male,69562.46,202.9,Compatible intermediate concept,Ado-Ekiti,Ekiti,Yearly
,Erskine,Speirs,43,Male,68447.17,128.16,Assimilated next generation firmware,Lafia,Nasarawa,Often
,Lilllie,Sainsbury-Brown,32,Female,62772.42,230.18,Total zero administration software,Sokoto,Sokoto,Seldom
,Emylee,Darnborough,41,Female,78092.95,165.27,Re-engineered impactful software,Daura,Katsina,Yearly
,Gib,Godfray,39,Male,63649.04,138.87,Business-focused background synergy,Badagry,Lagos,Daily
,Krystyna,Fills,21,Female,60637.62,198.45,Future-proofed coherent budgetary management,Jos,Plateau,Often
,Nappy,Lempertz,52,Male,27241.11,156.99,Ergonomic methodical encoding,Asaba,Delta,Weekly
,Bernetta,Getsham,34,Female,42760.22,162.03,Compatible dedicated productivity,Jos,Plateau,Seldom
,Elbertina,Edess,49,Female,59457.52,118.1,Up-sized real-time methodology,Ikeja,Lagos,Weekly
,Cly,McInerney,42,Male,42907.89,108.17,Up-sized next generation architecture,Sagamu,Ogun,Monthly
,Dallas,Ruzek,51,Male,46132.18,244.91,Managed 6thgeneration hierarchy,Port-harcourt,Rivers,Monthly
,Kendal,Notley,39,Male,46964.11,209.91,Organic motivating model,Iwo road,Oyo,Once
,Timotheus,Athey,30,Male,70377.23,212.38,Pre-emptive transitional protocol,Suleja,Niger,Monthly
,Ceciley,Simcox,32,Female,70012.83,208.02,Managed attitude-oriented Internet solution,Abakaliki,Ebonyi,Once
,Turner,Rumbold,23,Male,56457.01,181.11,Public-key asynchronous matrix,Apapa,Lagos,Seldom
,Zacherie,Shuter,26,Male,67279.06,218.49,Grass-roots systematic hardware,Ijebu ode,Ogun,Never
,Marney,Mainstone,35,Female,54773.99,236.29,User-centric composite contingency,Makurdi,Benue,Daily
,Salvatore,Inston,34,Male,70783.94,230.95,Up-sized bi-directional infrastructure,Gombe,Gombe,Often
,Poppy,Lyburn,36,Female,70510.59,222.91,Assimilated actuating policy,Owerri,Imo,Once
,Sky,Klainer,39,Male,64021.55,247.9,Organized upward-trending contingency,Bauchi,Bauchi,Daily
,Maurizio,Baudouin,33,Male,72042.85,194.37,Ergonomic neutral portal,Minna,Niger,Daily
,Alwyn,Bradlaugh,38,Male,36037.33,108.7,Adaptive demand-driven knowledgebase,Obudu,Crossriver,Weekly
,Shannon,Wedderburn,29,Female,67526.92,211.64,Reverse-engineered maximized focus group,Makurdi,Benue,Monthly
,Fiann,Conry,55,Female,55121.65,168.29,Switchable analyzing encryption,Yaba,Lagos,Often
,Mitchael,Sarfati,28,Male,63497.62,211.83,Public-key intangible Graphical User Interface,Alimosho,Lagos,Seldom
,Shelba,Kinny,39,Female,60879.48,235.01,Advanced local task-force,Apapa,Lagos,Never
,Filmore,Hawlgarth,33,Male,61467.33,236.72,Profound well-modulated array,Ikere,Ekiti,Yearly
,Goldia,Rickett,35,Female,70495.64,229.99,Multi-channeled asymmetric installation,Ughelli,Delta,Yearly
,Chevy,Orable,36,Male,71222.4,224.9,Multi-layered fresh-thinking neural-net,Owerri,Imo,Never
,Jordan,Skrine,31,Female,64698.58,208.76,Distributed cohesive migration,Awka,Anambra,Never
,Rancell,Mungham,58,Male,32252.38,154.23,Programmable uniform website,Umuahia,Abia,Once
,Derrik,Lutton,35,Male,55316.97,127.56,Object-based neutral policy,Benin,Edo,Seldom
,Syman,Boor,33,Male,47447.89,145.48,Horizontal global leverage,Auchi,Edo,Never
,Danie,Searchfield,37,Male,73474.82,223.93,Synchronized grid-enabled moratorium,Ogbomosho,Oyo,Yearly
,Anallise,Trippitt,49,Female,53549.94,114.85,Adaptive uniform capability,Onicha,Ebonyi,Never
,Eugenie,McGrory,28,Female,58576.12,226.79,Total grid-enabled application,Ijaiye,Lagos,Often
,Isac,Pimlott,26,Male,63373.7,164.25,Optional regional throughput,Aba,Abia,Monthly
,Peggie,Scotchmer,31,Female,60283.47,235.28,Integrated client-server definition,Wuse,Abuja,Monthly
,Marje,Letessier,44,Female,37345.34,109.22,Fundamental methodical support,Wuse,Abuja,Monthly
,Hermia,Corteney,41,Female,34886.01,144.69,Synergistic reciprocal attitude,Alimosho,Lagos,Weekly
,Sylvester,Bielfeld,44,Male,67511.86,251.08,Managed 5thgeneration time-frame,Gwarinpa,Abuja,Often
,Tracie,Gratten,37,Male,77988.71,166.19,Vision-oriented uniform knowledgebase,Ikeja,Lagos,Yearly
,Danya,Gayle,36,Male,63001.03,117.66,Multi-tiered stable leverage,,Nasarawa,Often
,Fransisco,Almon,26,Male,61747.98,185.45,Down-sized explicit budgetary management,,Rivers,Seldom
,Spence,Chritchley,42,Male,48467.68,114.53,Cross-group human-resource time-frame,,Ekiti,Weekly
,Sara,Conner,30,Female,55130.96,238.06,Business-focused holistic benchmark,,Plateau,Never
,Cullan,Goldup,42,Male,79484.8,190.71,Virtual 5thgeneration neural-net,,Ebonyi,Never
,Maurita,Chimenti,37,Female,67307.43,246.72,Distributed scalable orchestration,,Delta,Weekly
,Jacky,Glen,40,Female,27964.6,125.65,Realigned intangible benchmark,,Akwaibom,Often
,Angy,Brett,33,Female,66431.87,240.63,Virtual impactful algorithm,,Akwaibom,Daily
,Kaile,Trodden,35,Female,63551.67,249.54,Public-key solution-oriented focus group,,Crossriver,Once
,Amber,Schoenleiter,23,Female,40135.06,158.35,Phased clear-thinking encoding,,Lagos,Once
,Elihu,Blackaby,45,Male,49101.67,118.16,Grass-roots mission-critical emulation,,Lagos,Seldom
,Bevvy,Jessett,54,Female,53188.69,134.46,Proactive encompassing paradigm,,Akwaibom,Daily
,Mirabella,Mushett,39,Female,49742.83,142.81,Automated object-oriented firmware,,Edo,Daily
,Russell,MacLaverty,36,Male,63394.41,233.04,User-friendly content-based customer loyalty,,Katsina,Once
,Veronica,Jaulme,23,Female,64433.99,208.24,Universal incremental array,,Sokoto,Once
,Theresa,Tunkin,38,Female,73884.48,231.21,Reactive national success,,Oyo,Daily
,Patrice,Kolyagin,46,Female,36424.94,112.72,Automated multi-state toolset,,Ondo,Weekly
,Bondy,Doeg,36,Male,28275.48,120.12,Managed didactic flexibility,,Lagos,Never
,Creigh,Halson,27,Male,48098.86,161.58,Cross-platform neutral system engine,,Niger,Once
,Patrizius,Schulter,33,Male,68448.94,135.08,Focused high-level frame,,Taraba,Yearly
,Carol,Kelsall,25,Female,66429.84,164.25,Seamless motivating approach,,Lagos,Monthly
,Lin,Willey,46,Female,41768.13,254.59,Enhanced systematic adapter,,Ogun,Yearly
,Gratia,Riatt,38,Female,57844.96,252.07,Networked regional Local Area Network,,Osun,Weekly
,Marlowe,Oertzen,45,Male,35684.82,129.01,Total human-resource flexibility,,Gombe,Daily
,Pancho,Rosenblatt,32,Male,62792.43,238.1,Assimilated homogeneous service-desk,,Oyo,Monthly
,Krystal,Owers,28,Female,51171.23,161.24,Ergonomic zero tolerance encoding,,Ekiti,Never
,Alvie,Rosenqvist,25,Male,58847.07,141.13,Cross-platform zero-defect structure,,Jigawa,Monthly
,Fredelia,Grizard,42,Female,57739.03,110.66,Innovative maximized groupware,,Ebonyi,Once
,Isadore,Fincham,25,Male,64631.22,211.12,Face-to-face executive encryption,,Lagos,Never
,Lydon,Kiezler,24,Male,50337.93,193.97,Monitored local Internet solution,,Rivers,Yearly
,Orion,Castleman,38,Male,67781.31,135.24,Phased hybrid superstructure,,Jigawa,Once
,Deane,Boshard,36,Male,68863.95,156.97,User-friendly grid-enabled analyzer,,Benue,Monthly
,Aleta,Duding,27,Female,55901.12,231.38,Pre-emptive neutral contingency,,Imo,Seldom
,Percival,Alvey,37,Male,64775.1,246.44,User-friendly impactful time-frame,,Kogi,Often
,Ivonne,Kimber,36,Female,67686.16,204.56,Customizable methodical Graphical User Interface,,Kaduna,Often
,Arron,Morales,48,Male,57777.11,222.11,Cross-platform logistical pricing structure,,Crossriver,Yearly
,Virgina,Finnie,48,Female,46868.53,136.21,Inverse discrete extranet,,Delta,Seldom
,Ivor,Fould,50,Male,40926.93,118.27,Open-source even-keeled database,,Lagos,Monthly
,Cross,Windrass,40,Male,22205.74,135.48,Diverse background ability,,Crossriver,Seldom
,Eric,Beadel,24,Male,58920.44,196.77,Multi-tiered foreground Graphic Interface,,Kaduna,Daily
,Clareta,Sutherden,35,Female,63006.14,127.82,Customizable hybrid system engine,,Lagos,Monthly
,Gardiner,Gleadhell,51,Male,24316.61,138.35,Horizontal incremental website,,Anambra,Daily
,Meggy,Sommers,26,Female,68348.99,203.84,Front-line systemic capability,,Taraba,Seldom
,Prudi,Deering,30,Female,66263.37,240.09,Fully-configurable foreground solution,,Abia,Daily
,Amii,Trowill,40,Female,63493.6,116.27,Digitized radical array,,Abia,Once
,Erik,Flippen,30,Male,56984.09,160.33,Team-oriented transitional methodology,,Abia,Yearly
,Letisha,MacPherson,37,Female,51691.55,181.02,Future-proofed fresh-thinking conglomeration,,Ekiti,Monthly
,Lucine,Boatman,31,Female,49911.25,148.19,Operative multi-tasking Graphic Interface,,Lagos,Yearly
,Darbie,Innot,31,Female,33502.57,245.76,Implemented discrete frame,,Jigawa,Often
,Daven,Kas,31,Male,65834.97,228.94,Ameliorated exuding encryption,,Lagos,Monthly
,Teirtza,Philson,31,Female,66176.97,242.59,Programmable high-level benchmark,,Anambra,Often
,Garland,Farres,53,Female,51463.17,161.77,Sharable multimedia conglomeration,,Ebonyi,Daily
,Francyne,Bellison,41,Female,41059.64,109.34,Team-oriented high-level orchestration,,Niger,Once
,Janeen,Caret,38,Female,61428.18,259.76,Grass-roots empowering paradigm,,Crossriver,Monthly
,Moira,Bredgeland,39,Female,51593.46,151.18,Robust object-oriented Graphic Interface,,Lagos,Yearly
,Nita,Escalero,24,Female,57518.73,219.75,Switchable secondary ability,,Delta,Weekly
,Gill,Rebbeck,24,Male,52656.13,190.08,Open-architected web-enabled benchmark,,Bauchi,Weekly
,Gardie,Sandiford,31,Male,52178.98,210.27,Compatible scalable emulation,,Kano,Daily
,Brear,Corpe,60,Female,46239.14,151.54,Seamless optimal contingency,,Kebbi,Weekly
,Karlee,Stockow,35,Female,48918.55,149.25,Secured secondary superstructure,,Kebbi,Seldom
,Lenard,Borell,27,Male,65227.79,192.27,Automated mobile model,,Kebbi,Weekly
,Ranice,Rundall,23,Female,55002.05,146.8,Re-engineered non-volatile neural-net,,Lagos,Once
,Culver,Samweyes,27,Male,52261.73,191.78,Implemented disintermediate attitude,,Sokoto,Once
,Verna,Wilmut,49,Female,59448.44,150.83,Configurable interactive contingency,,Lagos,Yearly
,Gaylord,Pendrick,39,Male,47314.45,108.03,Optimized systemic capability,,Anambra,Often
,Cassie,Goulbourne,26,Female,55411.06,236.15,Front-line non-volatile implementation,,Lagos,Seldom
,Louis,Bothe,29,Male,66504.16,236.75,Ergonomic 24/7 solution,,Niger,Never
,Verge,Terrey,36,Male,47169.14,241.8,Integrated grid-enabled budgetary management,,Oyo,Once
,Robin,Arnold,31,Female,70889.68,224.98,Profit-focused systemic support,,Osun,Yearly
,Nickolaus,Worgen,37,Male,55358.88,136.99,Right-sized system-worthy project,,Kwara,Yearly
,Druci,Peirpoint,55,Female,56242.7,131.29,Proactive actuating Graphical User Interface,,Ebonyi,Monthly
,Powell,Huison,51,Male,45522.44,195.07,Versatile optimizing projection,,Imo,Daily
,Elisha,Grigoliis,49,Female,46931.03,110.84,Universal multi-state system engine,,Abia,Never
,Rozanne,Brewer,40,Female,55499.69,198.13,Secured intermediate approach,,Delta,Daily
,Fiorenze,Armiger,41,Female,75805.12,149.21,Operative didactic Local Area Network,,Rivers,Yearly
,Lurette,Lamkin,23,Female,40345.49,225.99,Phased content-based middleware,,Lagos,Weekly
,Bobina,Skeermer,45,Female,15598.29,158.8,Triple-buffered high-level Internet solution,,Ogun,Never
,Teodor,Billyeald,28,Male,33239.2,219.72,Synergized well-modulated Graphical User Interface,,Imo,Once
,Gage,Bleakman,36,Male,68033.54,235.56,Implemented bottom-line implementation,,Rivers,Yearly
,Alasdair,Harrop,22,Male,38427.66,182.65,Monitored context-sensitive initiative,,Crossriver,Once
,Vlad,Blissett,46,Male,53185.34,253.48,Pre-emptive client-server open system,,Akwaibom,Often
,Mathilde,Ellesworth,28,Female,39723.97,137.97,Seamless bandwidth-monitored knowledge user,,Benue,Seldom
,Annamarie,Wildbore,41,Female,43386.07,120.63,Ergonomic empowering frame,,Benue,Often
,Maddy,Withrop,28,Female,53922.43,137.2,Reverse-engineered background Graphic Interface,,Benue,Never
,Zsazsa,Shubotham,27,Female,71881.84,199.76,Synergistic non-volatile analyzer,,Bauchi,Seldom
,Pepito,Corrao,29,Male,47139.21,225.87,Object-based optimal solution,,Katsina,Daily
,Pat,Hugk,38,Female,68877.02,175.14,Profound dynamic attitude,,Kano,Monthly
,Rex,Woodrough,33,Male,65186.58,222.35,Enhanced system-worthy toolset,,Lagos,Weekly
,Livvyy,Jaquet,32,Female,55424.24,224.07,Reverse-engineered dynamic function,,Imo,Never
,Jill,Brickner,46,Female,46500.11,233.36,Networked responsive application,,Lagos,Never
,Janel,Lindup,26,Female,58820.16,224.2,Distributed intangible database,,Ogun,Often
,Kristien,Cogzell,43,Female,28495.21,122.31,Multi-tiered mobile encoding,,Abuja,Often
,Shandee,Wyson,31,Female,61840.26,182.84,Optional contextually-based flexibility,,Abuja,Once
,Robby,Frostdyke,46,Male,37908.29,258.06,Proactive local focus group,,Lagos,Often
,Malinda,Dommerque,39,Female,69805.7,201.29,Customer-focused impactful success,,Imo,Yearly
,Lona,Halburton,26,Female,60315.19,223.16,Open-source optimizing parallelism,,Ebonyi,Often
,Stacie,Proud,49,Female,67323.0,182.11,Organic logistical adapter,,Ogun,Monthly
,Oswell,Caron,26,Male,50055.33,228.78,Stand-alone eco-centric system engine,,Osun,Monthly
,Shepherd,Rosewall,50,Male,43573.66,122.45,User-centric intermediate knowledge user,Lokoja,Kogi,Seldom
,Worthy,Clementucci,55,Male,28186.65,150.77,Programmable didactic capacity,Yola,Adamawa,Yearly
,Miltie,Gindghill,33,Male,66412.04,215.04,Enhanced regional conglomeration,Damaturu,Yobe,Weekly
,Clare,Wandrey,32,Male,15879.1,195.54,Total asynchronous architecture,,Sokoto,Yearly
,Renaud,McGeffen,29,Male,63965.16,230.36,Secured upward-trending benchmark,,Lagos,Weekly
,Cosmo,Odger,31,Male,58342.63,235.97,Customizable value-added project,,Lagos,Seldom
,Kelci,Elleyne,31,Female,33147.19,250.36,Integrated interactive support,,Ogun,Seldom
,Neil,Lamke,33,Male,65899.68,126.44,Reactive impactful challenge,,Ebonyi,Daily
,Charlot,Josipovic,26,Female,64188.5,201.54,Switchable multi-state success,,Ekiti,Often
,Freddy,Mulheron,61,Male,58966.22,184.23,Synchronized multi-tasking ability,,Kaduna,Once
,Jerrie,Scarman,33,Female,44078.24,210.53,Fundamental clear-thinking knowledgebase,,Kaduna,Never
,Thaxter,Forlong,55,Male,60968.62,151.94,Multi-layered user-facing parallelism,,Oyo,Yearly
,Lenci,Neeve,28,Male,65620.25,210.39,Front-line incremental access,,Delta,Daily
,Llewellyn,Demongeot,38,Male,65496.78,225.23,Open-architected zero administration secured line,,Crossriver,Never
,Rog,Lockhart,29,Male,52462.04,161.79,Mandatory disintermediate info-mediaries,,Imo,Weekly
,Leonidas,Gery,38,Male,70582.55,149.8,Implemented context-sensitive Local Area Network,,Imo,Monthly
,Allan,Sine,34,Male,51816.27,153.01,Digitized interactive initiative,,Lagos,Yearly
,Estele,Atherley,46,Female,23410.75,130.86,Implemented asynchronous application,,Rivers,Daily
,Danny,Josling,26,Male,62729.4,200.71,Focused multi-state workforce,,Delta,Daily
,Griffie,Cobbald,28,Male,48867.67,141.96,Proactive secondary monitoring,Dutse,Jigawa,Seldom
,Virge,Franzewitch,36,Male,50971.73,125.2,Front-line upward-trending groupware,,Lagos,Weekly
,Dore,McLarens,28,Female,67990.84,192.81,Quality-focused 5thgeneration orchestration,,Rivers,Seldom
,Lynna,Paddingdon,34,Female,43241.19,131.55,Multi-layered secondary software,,Jigawa,Daily
,Aveline,Tire,27,Female,60082.66,226.69,Total coherent superstructure,,Lagos,Daily
,Stavros,Walbridge,37,Male,65180.97,247.05,Monitored executive architecture,,Anambra,Seldom
,Archibold,Haslegrave,28,Male,67301.39,216.24,Front-line multi-state hub,,Abuja,Often
,Gerry,Woollcott,36,Female,70701.31,230.52,Configurable mission-critical algorithm,,Ekiti,Monthly
,Halsy,Osgarby,28,Male,60997.84,225.34,Face-to-face responsive alliance,,Kwara,Never
,Leonanie,Zealey,33,Female,60805.93,197.15,Reduced holistic help-desk,,Bauchi,Yearly
,Hamel,Zoanetti,37,Male,50711.68,231.95,Pre-emptive content-based frame,,Edo,Monthly
,Basia,Eliassen,47,Female,14548.06,179.04,Optional full-range projection,,Lagos,Monthly
,Tabitha,Bazek,29,Female,41335.84,117.3,Expanded value-added emulation,,Benue,Yearly
,Alic,Arno,33,Male,76480.16,198.86,Organic well-modulated database,,Niger,Monthly
,Mattie,Brewster,38,Female,67132.46,244.23,Organic 3rdgeneration encryption,,Oyo,Never
,Augy,Filby,54,Male,52581.16,173.05,Stand-alone empowering benchmark,,Lagos,Often
,Robbie,Perview,25,Female,55195.61,214.49,Monitored intermediate circuit,,Abuja,Monthly
,Ynes,Herreran,28,Female,48679.54,189.91,Object-based leadingedge complexity,,Ekiti,Never
,Ignaz,Huniwall,29,Male,63109.74,233.61,Digitized zero-defect implementation,,Imo,Once
